,TF,Target,Mode of Regulation,References
3,AATF,MYC,Activation,20549547
4,AATF,TP53,Unknown,17157788
12,ABL1,FOXO3,Activation,15509806
13,ABL1,JUN,Activation,15145216
14,ABL1,JUN,Repression,19357699
16,ABL1,TP53,Activation,11753601
22,AHR,ARNT,Unknown,19255421;8631989
23,AHR,BRCA1,Unknown,18259752
41,AHR,MYC,Unknown,11114727;16091746
58,APC,DNMT1,Repression,12538344
60,APC,KLF4,Unknown,12387883
61,APC,MYC,Repression,16510874
70,APEX1,NFKB1,Activation,17045925
72,APEX1,RELA,Activation,17045925
103,AR,EP300,Activation,22334658
120,AR,JUN,Activation,20148354
123,AR,KLF5,Unknown,19460858
133,AR,MYC,Unknown,24512546
136,AR,NFKB1,Repression,18386814
137,AR,NKX3-1,Activation,16697957;17303007
138,AR,NKX3-1,Unknown,11238180
153,AR,RELA,Repression,18386814
181,ARID1A,SMAD3,Unknown,21900401
186,ARID3A,E2F1,Unknown,23659165
187,ARID3A,PML,Activation,22010578
191,ARNT,BRCA1,Unknown,16567799
202,ARNT,ESR1,Unknown,17991765
205,ARNT,HIF1A,Activation,14764593
206,ARNT,JUN,Repression,21544813
281,ATF2,JUN,Activation,9502786
291,ATF2,RELA,Activation,21350211
312,ATF3,TP53,Unknown,22991139
346,ATF4,SIRT1,Activation,22363646
347,ATF4,SIRT1,Repression,21801305
350,ATF4,TRIB3,Activation,15775988
351,ATF4,TRIB3,Unknown,20592469;21220698
359,ATF5,EGR1,Unknown,19531563
375,ATF6,XBP1,Unknown,20003459;24269637
386,ATM,FOXM1,Activation,21518729
398,ATM,SP1,Repression,11466608
399,ATM,SP1,Unknown,12926986
412,BACH2,XBP1,Repression,24821775
413,BARD1,ESR1,Activation,20060929
414,BARX2,ESR1,Unknown,16636675
421,BCL3,NFKB1,Repression,11387332
422,BCL3,NFKB1,Unknown,14573596;7896265
423,BCL3,RELA,Unknown,7896265
435,BCL6,MYC,Activation,21394099
436,BCL6,NFKB1,Repression,15611242
439,BCL6,STAT3,Unknown,17951530
441,BCL6,XBP1,Repression,24821775
442,BDP1,MYC,Unknown,12734418
443,BDP1,RB1,Unknown,12734418
444,BDP1,TP53,Unknown,12734418
447,BIN1,MYC,Unknown,9797456
452,BRCA1,ATM,Activation,22832221
474,BRCA1,EGR1,Unknown,20103632
475,BRCA1,EP300,Activation,11782371
476,BRCA1,EP300,Unknown,11405179
477,BRCA1,ESR1,Activation,20060929
479,BRCA1,FOXC1,Repression,22120723
485,BRCA1,HIF1A,Unknown,16543242
486,BRCA1,HMGA2,Repression,20007691
503,BRCA1,MYC,Unknown,12032322;12646176
506,BRCA1,SIRT1,Activation,18851829;20160719;21407215;9000507
507,BRCA1,STAT1,Activation,17374731
509,BRCA1,STAT3,Unknown,11163768
520,BRD7,E2F3,Repression,16475162
521,BRD7,E2F3,Unknown,15137061
530,BTF3,ATM,Activation,17312387
535,BTF3,NFKB1,Repression,17312387
545,CBFB,RUNX1,Unknown,24648201
546,CBFB,RUNX2,Unknown,24648201
558,CDX1,PPARG,Activation,19059241
580,CDX2,KLF4,Activation,11521200
581,CDX2,KLF4,Unknown,23202735
590,CDX2,SP1,Unknown,22580340
596,CDX2,VDR,Unknown,11450701;16604479;16883525;19960008
633,CEBPA,MYC,Repression,12032779
646,CEBPA,STAT3,Unknown,24429361
719,CEBPB,XBP1,Activation,19717648
732,CEBPD,PPARG,Activation,10649448;18619497;20971808
742,CEBPE,MYC,Repression,12947005
755,CHD8,BRCA1,Unknown,16949368
758,CHD8,MYC,Unknown,16949368
763,CIITA,CREBBP,Unknown,9858618
793,CIITA,SIRT1,Repression,22064865
795,CIITA,STAT1,Unknown,12052885
816,CNBP,MYC,Unknown,23774591
827,CREB1,AR,Unknown,15994978;21457548
867,CREB1,JUN,Repression,8647095
868,CREB1,JUN,Unknown,10403485
885,CREB1,NR4A3,Unknown,10701778
932,CREB5,STAT1,Repression,21132541
936,CREBBP,BRCA1,Unknown,23285190
942,CREBBP,EP300,Unknown,15154850
958,CREBBP,TP53,Unknown,15154850
998,CTBP1,BRCA1,Repression,20818429
1009,CTCF,BRCA1,Unknown,19466541;24725430
1021,CTCF,MYC,Activation,19568426
1022,CTCF,MYC,Repression,12032779;12524457
1023,CTCF,MYC,Unknown,24725430;9591631
1037,CTCF,WT1,Unknown,24534946
1039,CTNNB1,AR,Unknown,16141201
1050,CTNNB1,JUN,Activation,20300972
1051,CTNNB1,JUN,Unknown,19671687
1054,CTNNB1,MYC,Activation,20300972;21533051
1055,CTNNB1,MYC,Unknown,17724465;18679417;19662654;19778454
1061,CTNNB1,RB1,Repression,16628468
1101,DDIT3,SIRT1,Repression,21801305
1107,DDIT3,TRIB3,Activation,15775988;18940792
1121,DLX4,BRCA1,Repression,20877436
1126,DLX5,MYC,Activation,19497851
1127,DMAP1,ATM,Unknown,23318425
1130,DMAP1,DNMT1,Unknown,20864525
1142,DNMT1,ESR1,Unknown,21655924;23242655
1144,DNMT1,HDAC1,Unknown,24475290
1153,DNMT1,RB1,Repression,17934516
1162,DNMT1,TP53,Unknown,24006445
1184,E2F1,AR,Activation,21099103
1185,E2F1,AR,Unknown,22508987
1189,E2F1,ATM,Activation,12527885;22832221
1190,E2F1,ATM,Unknown,23993922
1199,E2F1,BRCA1,Repression,20068145
1200,E2F1,BRCA1,Unknown,18660752;19466541;23285190
1218,E2F1,CREBBP,Unknown,9238849
1221,E2F1,CUX1,Unknown,18347061
1227,E2F1,DNMT1,Repression,24502362
1232,E2F1,E2F1,Unknown,7958836
1244,E2F1,FOXM1,Activation,21518729
1250,E2F1,HIC1,Activation,19491197
1277,E2F1,MYC,Activation,11705881
1291,E2F1,PPARG,Activation,12110166
1292,E2F1,PPARG,Unknown,20971808
1299,E2F1,RB1,Activation,8264596
1319,E2F1,TP53,Activation,15706352
1320,E2F1,TP53,Repression,8557038
1321,E2F1,TP53,Unknown,12625370;21441950;22241525
1329,E2F1,UHRF1,Activation,12838312;15361834
1330,E2F1,UHRF1,Unknown,23023523
1336,E2F2,CUX1,Unknown,18347061
1344,E2F3,CUX1,Unknown,18347061
1351,E2F4,AR,Unknown,22508987
1354,E2F4,BRCA1,Activation,20818429
1355,E2F4,BRCA1,Repression,17106239;20133863;21701264;23108140
1356,E2F4,BRCA1,Unknown,17001309
1360,E2F4,CUX1,Unknown,18347061
1368,E2F4,MYC,Unknown,17132729
1372,E2F4,PPARG,Repression,12110166
1379,E2F5,MYC,Unknown,17132729
1381,E2F6,BRCA1,Unknown,19466541
1384,E2F6,E2F1,Repression,18562691
1387,E2F7,E2F1,Repression,18202719
1389,E2F8,E2F1,Repression,18202719
1401,EGF,STAT1,Unknown,11939722
1411,EGR1,AR,Repression,15517885
1429,EGR1,EP300,Activation,18798221;20414733
1430,EGR1,EP300,Unknown,15635605
1445,EGR1,HIF1A,Activation,18506761
1468,EGR1,NFKB1,Unknown,10671503
1475,EGR1,PPARG,Unknown,12011097
1494,EGR1,TCF4,Activation,18798221
1502,EGR1,TP53,Activation,9242687
1555,ELF4,TP53,Repression,20805247
1575,ELK1,ZFP36,Unknown,22433566
1583,ELL,E2F1,Repression,24344198
1587,ENO1,MYC,Repression,10681589;9119380
1588,ENO1,MYC,Unknown,10528225;10802057;18490439;20412594;7880838
1596,EP300,BRCA1,Activation,23353771
1597,EP300,BRCA1,Unknown,23285190
1607,EP300,CREBBP,Unknown,9651310
1611,EP300,DNMT1,Activation,19275888
1630,EP300,MYC,Repression,19279113
1631,EP300,NFKB1,Unknown,9560267
1633,EP300,NR1H4,Repression,18842595
1634,EP300,PARP1,Unknown,17065349
1639,EP300,RELA,Unknown,21146504
1649,EP300,WT1,Activation,15752709;18064385
1650,EP300,YY1,Unknown,11486036
1667,ERCC2,E2F1,Unknown,9400991
1669,ERCC2,TP53,Activation,22387547
1707,ESR1,AR,Activation,22391641
1712,ESR1,BRCA1,Unknown,11782371
1735,ESR1,E2F1,Unknown,10446910;12697671
1737,ESR1,ESR1,Unknown,16636675
1748,ESR1,JUN,Activation,11477071
1749,ESR1,JUN,Unknown,10037443
1750,ESR1,JUNB,Activation,11477071
1757,ESR1,MYC,Unknown,11517191;19569049;22892083
1763,ESR1,PGR,Activation,10894148;12554765
1764,ESR1,PGR,Unknown,10835496
1771,ESR1,RUNX2,Unknown,11604227
1774,ESR1,SP1,Unknown,19652226
1781,ESR1,TP53,Repression,17681750
1799,ESR2,JUN,Unknown,10037443
1847,ETS1,EGR1,Activation,19074849
1848,ETS1,EGR1,Unknown,9207063
1879,ETS1,NKX3-1,Activation,20842667
1880,ETS1,PARP1,Activation,11973649;24448423
1881,ETS1,PARP1,Repression,10435618
1897,ETS1,TFAP2A,Activation,12843180
1904,ETS1,TP53,Unknown,10510472
1910,ETS1,WT1,Activation,18064385
1923,ETS2,EGR1,Unknown,9207063
1936,ETS2,MYC,Unknown,22108824
1941,ETS2,TP53,Unknown,10510472
1943,ETV1,AR,Unknown,17505060
1946,ETV3,NFKB1,Repression,18025162
1947,ETV3,RELA,Repression,18025162
1997,EZH2,BRCA1,Unknown,21406404
2010,EZH2,FOXC1,Repression,21465172
2011,EZH2,HDAC1,Repression,20132185
2017,EZH2,MYC,Repression,23079660
2031,EZH2,TP53,Repression,20132185
2032,EZH2,TP53,Unknown,24006445
2034,EZH2,VDR,Unknown,23424038
2038,FHL2,NFKB1,Unknown,18752053
2039,FHL2,RELA,Unknown,18752053
2044,FLI1,EP300,Unknown,24058639
2048,FLI1,FOXM1,Activation,23365673
2052,FLI1,HDAC1,Unknown,24058639
2102,FOS,MYC,Repression,2498162
2104,FOS,NFKB1,Repression,20188076
2116,FOS,PGR,Unknown,14684847
2129,FOS,TP53,Unknown,10348347
2144,FOSL2,BRCA1,Activation,17434164
2162,FOXA1,BRCA1,Unknown,16331276
2165,FOXA1,ESR1,Unknown,20501593;24290378
2169,FOXA1,MYC,Unknown,24512546
2223,FOXH1,AR,Repression,16120611
2234,FOXL2,SIRT1,Activation,19010791
2237,FOXM1,AR,Activation,24583551
2249,FOXM1,MYC,Activation,23804320
2257,FOXO1,AR,Repression,19074551
2261,FOXO1,EGR1,Repression,22865884
2270,FOXO1,KLF2,Unknown,23002242
2281,FOXO3,AR,Activation,16061480
2282,FOXO3,AR,Unknown,17522055
2290,FOXO3,FOXM1,Repression,19276163
2294,FOXO3,SIRT1,Activation,23525956
2302,FOXO4,HIF1A,Repression,12761217;20136501
2317,FOXP3,BRCA1,Repression,23319807
2335,FUBP1,MYC,Unknown,11239393;18193062;24117486
2337,FUS,AR,Unknown,21909421
2359,GATA1,COPS5,Unknown,21689417
2404,GATA1,RUNX1,Unknown,16628190
2411,GATA1,WT1,Activation,19212333
2412,GATA1,WT1,Unknown,10360378
2416,GATA2,AR,Activation,24423874
2428,GATA2,PPARG,Repression,19772889
2433,GATA2,WT1,Activation,19212333
2447,GATA3,ESR1,Unknown,17616709
2448,GATA3,FOXC1,Repression,22120723
2451,GATA3,GATA3,Unknown,20484083
2463,GATA3,NFKB1,Unknown,19686049
2465,GATA3,RELA,Unknown,19686049
2517,GFI1B,MEF2C,Repression,21261500
2529,GLI1,JUN,Unknown,19219074
2543,GLI2,FOXA2,Unknown,19360354
2552,GLI2,JUN,Unknown,19219074
2569,GTF2I,SIRT1,Activation,21407215
2574,GTF3A,STAT1,Unknown,12364590
2582,HBP1,DNMT1,Repression,23249948
2585,HCFC1,E2F1,Activation,17612494;19763085
2586,HCFC1,E2F4,Repression,17612494
2591,HDAC1,AR,Unknown,11971970
2614,HDAC1,DNMT1,Unknown,23242655
2615,HDAC1,E2F1,Repression,9724731
2617,HDAC1,EGR1,Repression,21983014
2620,HDAC1,ESR1,Repression,18316616;20101232;23242655
2621,HDAC1,ESR1,Unknown,21655924
2631,HDAC1,KLF4,Repression,15051827
2638,HDAC1,NFKB1,Unknown,24448807
2661,HDAC1,SP1,Repression,21636851
2663,HDAC1,STAT3,Unknown,18611949
2668,HDAC1,TP53,Repression,15130752
2673,HDAC11,MYC,Unknown,20493879
2689,HDAC2,DNMT1,Repression,22328086
2692,HDAC2,KLF4,Repression,19486889
2694,HDAC2,MYC,Unknown,20493879
2698,HDAC2,SP1,Repression,21636851
2711,HDAC3,GATA2,Repression,11567998
2716,HDAC3,JUN,Repression,17244530
2721,HDAC3,MYC,Repression,19279113;23079660;23714368
2728,HDAC4,ATF4,Unknown,24308964
2732,HDAC4,HDAC3,Unknown,11804585
2736,HDAC4,JUN,Activation,10523670
2737,HDAC4,JUN,Repression,10523670
2738,HDAC4,KLF4,Unknown,21118993
2746,HDAC4,RUNX2,Repression,19509297
2753,HDAC4,WT1,Repression,18064385
2762,HDAC5,WT1,Repression,18064385
2763,HDAC5,YY1,Activation,18632988
2768,HDAC7,ESR1,Repression,21078666
2770,HDAC7,HIF1A,Activation,20693714
2771,HDAC7,HIF1A,Repression,22172637
2774,HDAC7,MEF2C,Repression,11585834
2784,HDAC9,ESR1,Repression,19185986
2791,HDAC9,NFKB1,Repression,15964798
2793,HDAC9,RELA,Repression,15964798
2796,HDAC9,TP53,Repression,15964798
2806,HES1,E2F1,Repression,15467735
2825,HEYL,AR,Repression,21454491
2826,HHEX,HNF4A,Activation,22068426
2831,HIC1,E2F1,Repression,19486893
2834,HIC1,MYC,Repression,24067369
2835,HIC1,SIRT1,Repression,19525223;19649206
2836,HIC1,SIRT1,Unknown,22064865
2837,HIC1,STAT3,Activation,24067369
2848,HIF1A,AR,Activation,17426252;21056661
2849,HIF1A,ARNT,Unknown,12239177
2865,HIF1A,E2F3,Activation,20308562
2879,HIF1A,HIF1A,Repression,14744852
2914,HIF1A,STAT3,Unknown,23991099
2930,HIF1A,VHL,Unknown,12205091;15962286;17140440
2935,HIF3A,EPAS1,Unknown,19755485
2936,HIF3A,HIF1A,Unknown,19755485
2941,HIPK2,HIF1A,Repression,19046997
2942,HIPK2,MEF2C,Repression,23620283
2944,HIPK2,TP53,Unknown,12851404
2955,HLF,RUNX1,Repression,11486032
2961,HMGA1,BRCA1,Repression,12640109;16007157
2975,HMGA1,SP1,Unknown,20335021
2976,HMGA1,TP53,Unknown,20335021
3044,HNF4A,HNF1A,Unknown,9792724
3050,HNF4A,MYC,Activation,23714368
3067,HNRNPD,KLF2,Unknown,15835916
3074,HOXA1,EPAS1,Unknown,17213808
3077,HOXA1,MYC,Activation,15665309
3093,HOXA10,TP53,Activation,21993662
3094,HOXA10,WT1,Unknown,19017365
3098,HOXA5,PGR,Activation,10875927
3110,HOXA9,NFKB1,Repression,18068911
3111,HOXA9,RELA,Repression,18068911
3115,HOXB1,TCF4,Repression,15126340
3116,HOXB13,TCF4,Repression,15928669
3165,HSF1,JUN,Unknown,24127737
3171,HSF1,NFKB1,Unknown,18689673
3173,HSF1,RELA,Unknown,18689673
3180,HSF2,HIF1A,Unknown,21258402
3190,HSF4,HIF1A,Unknown,21258402
3200,ID4,BRCA1,Repression,12032322;17016441
3202,IFI16,BRCA1,Unknown,22618232
3204,IFI16,MYC,Repression,20052289
3205,IFI16,TP53,Unknown,22618232
3206,IFI16,WT1,Activation,18231640
3211,IKBKB,TP53,Unknown,24006445
3231,ING1,TP53,Activation,15662138;16325212
3250,ING4,TP53,Activation,19895734
3269,IRF1,E2F1,Repression,22200613
3305,IRF1,TP53,Unknown,19003964
3342,IRF6,NR1H4,Unknown,12525500
3343,IRF7,ATF4,Activation,21148039
3356,IRF7,NR1H4,Unknown,23372731
3374,IRF9,PML,Activation,8681971
3378,ISL1,MEF2C,Activation,23152444
3391,JUN,AR,Repression,20148354
3392,JUN,AR,Unknown,16732317
3398,JUN,BRCA1,Activation,17434164
3461,JUN,JUN,Activation,9502786
3462,JUN,JUN,Unknown,19671687
3492,JUN,MYC,Repression,2498162
3512,JUN,PGR,Repression,14684847
3530,JUN,RUNX2,Unknown,11604227
3550,JUN,TP53,Repression,22859294
3551,JUN,TP53,Unknown,10348347
3556,JUN,VDR,Activation,15930183
3619,KAT2B,RB1,Activation,19525977
3622,KAT2B,YY1,Unknown,11486036
3628,KAT5,STAT3,Repression,12551922
3636,KDM4B,AR,Activation,23435229
3639,KDM4B,ESR1,Unknown,23723241
3642,KHDRBS1,AR,Unknown,18273831
3660,KLF12,TFAP2A,Repression,10704285;11373277
3677,KLF2,PPARG,Repression,20693579
3723,KLF4,TP53,Activation,21132436
3724,KLF4,TP53,Repression,17308127
3725,KLF4,TP53,Unknown,18511453
3726,KLF4,VDR,Repression,22677193
3737,KLF5,HIF1A,Activation,23880760
3762,KLF6,PTTG1,Repression,20116377;23977008
3775,KLF9,PGR,Unknown,20463357
3777,L3MBTL1,MYC,Unknown,23543057
3778,L3MBTL1,RUNX1,Repression,18474616
3783,LEF1,AR,Unknown,19351848
3799,LEF1,ESR1,Unknown,18794125
3803,LEF1,MYC,Unknown,19620402
3813,LEF1,TCF4,Unknown,19174556
3820,LIMD1,HIF1A,Repression,22286099
3838,LMO4,BRCA1,Repression,11751867;12925972
3840,LMO4,ESR1,Unknown,16288053
3841,LMO4,MTA1,Unknown,16288053
3853,LYL1,NFKB1,Repression,10023675
3871,MAML1,EGR1,Activation,23029358
3876,MAX,MYC,Unknown,9797456
3886,MAZ,TSG101,Activation,21556761
3906,MCM5,STAT1,Unknown,11248027
3908,MDM4,TP53,Unknown,11528400;17499002;17875722;19910468
3914,MECP2,ESR1,Repression,15870696
3915,MECP2,ESR1,Unknown,21655924;23242655
3921,MED1,AR,Unknown,22102282
3925,MED1,VDR,Unknown,17229570
3930,MEF2A,JUN,Activation,12054430
3931,MEF2A,JUN,Unknown,10403485
3945,MEF2C,JUN,Activation,10523670;12054430
3946,MEF2C,JUN,Repression,10523670
3947,MEF2C,JUN,Unknown,10849446
3954,MEF2D,ATM,Unknown,24672010
3957,MEF2D,JUN,Activation,12054430
3959,MEIS1,AR,Unknown,25158280
3964,MEN1,BRCA1,Unknown,23648481
3969,MEN1,GATA3,Unknown,20484083
3986,MITF,HIF1A,Activation,22012259
4043,MSX2,NKX3-1,Activation,22848398
4049,MTA1,BRCA1,Unknown,17922032
4054,MTA1,ESR1,Repression,24413532
4055,MTA1,ESR1,Unknown,11146623
4056,MTA1,HDAC1,Unknown,23791785
4061,MTA1,MYC,Unknown,12431981
4088,MXI1,MYC,Repression,8838813
4107,MYB,GATA3,Unknown,20484083
4119,MYB,MYC,Activation,1594249
4120,MYB,MYC,Unknown,11259163;16088151;19609274
4127,MYB,SP3,Unknown,18342022
4130,MYB,WT1,Activation,18064385
4138,MYBL2,MYC,Activation,1594249
4141,MYBL2,SP1,Unknown,14613485
4177,MYC,CREBBP,Unknown,12776737
4184,MYC,EP300,Unknown,12776737
4188,MYC,FOXM1,Activation,20658516
4193,MYC,HDAC2,Activation,20697349
4210,MYC,JUNB,Repression,18838534
4247,MYC,TP53,Activation,8494784
4248,MYC,TP53,Unknown,19086036
4271,MYCN,HDAC2,Activation,20697349
4302,MYCN,TP53,Activation,19885598;21862876
4303,MYCN,TP53,Repression,21862876
4332,NANOG,GATA2,Repression,15983365
4337,NANOG,KLF2,Activation,22378194
4349,NCOA2,AR,Repression,17079484
4351,NCOA3,BRCA1,Unknown,21914189
4357,NCOA4,AR,Activation,16110473
4358,NCOA4,AR,Unknown,18156210
4365,NCOR1,AR,Activation,21720703
4366,NCOR1,AR,Unknown,16373395
4367,NCOR1,ESR1,Repression,20101232
4371,NCOR1,PPARG,Repression,20462215
4373,NCOR2,AR,Activation,21720703
4374,NCOR2,AR,Unknown,16373395
4396,NF1,MYC,Activation,9562250
4400,NF1,SP3,Unknown,18342022
4401,NF1,TP53,Activation,10634504;8816507
4413,NFATC1,SP1,Repression,21603612
4429,NFE2L2,BRCA1,Activation,23353771
4477,NFIC,JUN,Unknown,10403485
4491,NFIL3,PGR,Unknown,1620116
4513,NFKB1,AR,Repression,15517885
4514,NFKB1,AR,Unknown,16619263
4529,NFKB1,BCL3,Activation,11387332
4637,NFKB1,E2F1,Unknown,16725311
4642,NFKB1,EGR1,Repression,21983014
4662,NFKB1,FOXO3,Unknown,19299143
4665,NFKB1,GATA3,Activation,20660789
4677,NFKB1,HDAC1,Unknown,23027620
4680,NFKB1,HIF1A,Unknown,18498249
4727,NFKB1,JUNB,Activation,17018379
4758,NFKB1,MYC,Activation,17018379
4759,NFKB1,MYC,Repression,18566231
4760,NFKB1,MYC,Unknown,11114727;12894581;17673602;17944672;18184402;19469019;19766095;21790895
4763,NFKB1,NCOR1,Unknown,17876798
4765,NFKB1,NFKB1,Unknown,19469019
4874,NFKB1,TP53,Unknown,10348347;11032029
4890,NFKB1,WT1,Unknown,11243407
4894,NFKB1,YY1,Repression,16784892
4895,NFKB1,YY1,Unknown,17438126
4899,NFKB2,HIF1A,Repression,19414801
4914,NFKBIA,NFKB1,Activation,9500973
4915,NFKBIA,NFKB1,Repression,11278471;18606063;20173029
4916,NFKBIA,NFKB1,Unknown,15713458;17148610
4919,NFKBIA,RELA,Activation,9500973
4920,NFKBIA,RELA,Repression,11278471;18606063;20173029
4921,NFKBIA,RELA,Unknown,15713458;17148610
4927,NFRKB,JUN,Activation,22291976
4941,NFYA,HOXB7,Unknown,12697323
4948,NFYA,SP3,Activation,16024108
4958,NFYB,HOXB7,Unknown,12697323
4973,NFYC,HOXB7,Unknown,12697323
4986,NKX2-1,SP1,Unknown,23995788
4989,NKX2-3,EGR1,Unknown,21968973
4996,NKX2-5,MEF2C,Repression,21261500
5000,NKX3-1,AR,Repression,16697957
5002,NKX3-1,ESR1,Unknown,18794125
5022,NPM1,DNMT1,Unknown,19887607
5035,NR0B1,NR1H4,Repression,21856289
5043,NR0B2,E2F1,Repression,18657049
5069,NR1H4,NFKB1,Activation,21364590
5072,NR1H4,RELA,Activation,21364590
5094,NR1I2,NFKB1,Repression,22248096
5099,NR1I2,RELA,Repression,22248096
5112,NR2E3,ESR1,Unknown,22174013
5123,NR2F2,E2F1,Unknown,22734039
5129,NR2F2,TFAP2A,Activation,20195529
5141,NR3C1,BRCA1,Activation,22328717
5157,NR3C1,NFKB1,Repression,17016446
5170,NR3C1,STAT1,Repression,17016446
5172,NR3C1,TP53,Repression,17016446
5188,NR4A1,E2F1,Activation,12947120
5204,NR4A3,PPARG,Repression,18855877
5272,NUPR1,EP300,Unknown,22858377
5274,NUPR1,TP53,Unknown,22858377
5296,PA2G4,AR,Unknown,20159994
5297,PA2G4,E2F1,Repression,16254079
5298,PA2G4,E2F1,Unknown,17786317
5307,PARP1,E2F1,Activation,14627987
5316,PARP1,JUN,Unknown,16026317
5317,PARP1,NFKB1,Unknown,16026317
5318,PARP1,RELA,Unknown,16026317
5334,PAX2,TP53,Repression,8521821
5335,PAX2,WT1,Unknown,9178767
5366,PAX5,RB1,Unknown,10197586
5369,PAX5,TP53,Activation,22105368
5370,PAX5,TP53,Repression,8521821
5371,PAX5,XBP1,Repression,8627152
5383,PAX8,E2F1,Activation,21602887
5388,PAX8,TP53,Repression,8521821
5390,PAX8,WT1,Activation,15961562;8861958
5423,PGR,E2F1,Activation,20123965
5426,PGR,ESR1,Activation,16982776
5434,PGR,MYC,Unknown,22892083
5437,PGR,RELA,Repression,8626413
5442,PHB2,ARNT,Repression,21256954
5461,PIAS1,STAT1,Unknown,17940994;19136629
5462,PIAS2,AR,Activation,11117529
5467,PIAS3,ESR1,Unknown,22174013
5469,PIAS3,STAT3,Unknown,16098628
5471,PIAS4,VDR,Unknown,22564762
5472,PIR,NFKB1,Unknown,14573596
5480,PITX1,JUN,Repression,21425961
5482,PITX1,NKX3-1,Repression,21425961
5484,PITX1,RUNX1,Repression,21425961
5485,PITX1,RUNX2,Repression,21425961
5524,PML,EP300,Activation,18809579
5528,PML,HIPK2,Activation,18809579
5531,PML,PML,Activation,15529177
5534,PML,TP53,Unknown,12837275
5536,POLR1A,E2F1,Repression,21878508
5550,POU1F1,VDR,Activation,17456792
5556,POU2F1,AR,Unknown,21387309
5686,PPARA,SREBF2,Repression,16946405
5748,PPARG,KLF4,Unknown,23275339
5752,PPARG,MYC,Repression,11973610
5777,PPARG,TP53,Activation,14960510;16887883
5795,PRDM1,MYC,Repression,10713181;12032779
5822,PTTG1,ID3,Activation,16926250
5825,PTTG1,MYC,Activation,22475756
5826,PTTG1,MYC,Unknown,11115508
5833,PURA,AR,Repression,18413735;19790234
5837,RAD51,SP1,Activation,18769160
5850,RARA,HNF4A,Unknown,11585914
5876,RB1,BRCA1,Repression,20068145
5884,RB1,E2F1,Repression,12460790;1534305;21602887;9326598;9400991;9671466
5885,RB1,E2F1,Unknown,11939591;8575214
5887,RB1,E2F3,Repression,20428827
5896,RB1,MYC,Repression,10200487;9671466
5897,RB1,MYC,Unknown,7680889
5899,RB1,PPARG,Unknown,20971808
5900,RB1,RB1,Repression,8264596
5903,RB1,SP1,Unknown,7702750
5910,RB1CC1,RB1,Activation,12095676
5911,RB1CC1,RB1,Unknown,14533007;20614030
5913,RBL1,BRCA1,Repression,17106239
5916,RBL1,MYC,Unknown,17132729;9797456
5918,RBL2,BRCA1,Repression,17106239;21701264
5920,RBL2,E2F4,Unknown,8575214
5922,RBMX,EGR1,Repression,16707624
5925,RBMX,JUNB,Repression,16707624
5933,RBPJ,NFKB1,Unknown,14570916
5971,RELA,AR,Repression,14715080;15517885
5972,RELA,AR,Unknown,16619263
5986,RELA,BCL3,Activation,11387332
6092,RELA,E2F1,Unknown,16725311
6096,RELA,EGR1,Repression,21983014
6098,RELA,EPAS1,Activation,20495570
6117,RELA,FOXO3,Unknown,19299143
6121,RELA,GATA3,Activation,20660789
6132,RELA,HDAC1,Unknown,23027620
6135,RELA,HIF1A,Unknown,18498249
6179,RELA,JUNB,Activation,17018379
6210,RELA,MYC,Activation,17018379
6211,RELA,MYC,Repression,18566231
6212,RELA,MYC,Unknown,11114727;12894581;17673602;17944672;18184402;19469019;19766095;21790895
6215,RELA,NCOR1,Unknown,17876798
6217,RELA,NFKB1,Activation,20596645
6218,RELA,NFKB1,Unknown,19469019
6240,RELA,PGR,Repression,8626413
6280,RELA,SIRT1,Activation,20617556
6288,RELA,STAT1,Unknown,25040843
6289,RELA,STAT3,Unknown,25040843
6327,RELA,TP53,Unknown,10348347;11032029;15155458
6333,RELA,TRIB3,Repression,12736262
6345,RELA,WT1,Unknown,11243407
6349,RELA,YY1,Repression,16784892
6350,RELA,YY1,Unknown,17438126
6355,REST,AR,Unknown,24163104
6379,REST,STAT1,Repression,23598529
6397,RFX1,HDAC1,Unknown,16464847
6406,RFX1,MYC,Repression,10918054;12032779
6414,RFX5,HDAC2,Unknown,16464847
6463,RORA,E2F1,Unknown,24891616
6488,RUNX1,JUN,Activation,20959602
6489,RUNX1,KLF4,Unknown,19328795
6501,RUNX1,NFKB1,Unknown,19686049
6507,RUNX1,RELA,Unknown,19686049
6514,RUNX2,AR,Unknown,24648349
6516,RUNX2,ESR1,Unknown,17350616
6557,RUNX3,MYC,Repression,20442291
6559,RUNX3,RUNX1,Repression,19403666
6560,RUNX3,RUNX1,Unknown,15688019
6561,RUNX3,TCF4,Activation,24447505
6564,RUNX3,TRAF6,Activation,17956589
6567,RUVBL1,TP53,Repression,21617703
6577,RXRA,HNF1A,Unknown,11027556
6578,RXRA,HNF4A,Unknown,11027556
6606,SATB1,GATA3,Activation,20126258
6608,SATB1,HDAC1,Unknown,15713622
6654,SIN3A,E2F1,Repression,16254079
6673,SIRT1,FOXO3,Repression,17558024;21841822
6676,SIRT1,HIC1,Unknown,22510409
6677,SIRT1,HIF1A,Activation,22245592
6687,SIRT1,MYC,Repression,22245592;22483777
6694,SIRT1,PPARG,Repression,15850715
6701,SIRT1,TP53,Activation,23661372
6702,SIRT1,TP53,Repression,15130752;15632193
6709,SIRT3,FOXO3,Unknown,23665396
6738,SMAD3,FOXA2,Unknown,21625455
6743,SMAD3,JUN,Unknown,10022869
6747,SMAD3,MYC,Unknown,17132729
6758,SMAD3,VDR,Activation,17471513
6760,SMAD3,ZFP36,Unknown,12754205
6776,SMAD4,JUN,Unknown,10022869
6777,SMAD4,MYC,Unknown,17132729
6786,SMAD4,ZFP36,Unknown,12754205
6793,SMAD7,MYC,Activation,15555279
6810,SMURF2,KLF5,Repression,21953463
6821,SNAI1,VDR,Repression,15322538;16804902;20138990
6836,SNAI2,VDR,Repression,18485278;20138990
6839,SNIP1,MYC,Unknown,17157259
6842,SNW1,VDR,Unknown,15225769
6863,SOX17,HNF4A,Activation,22068426
6897,SOX4,NKX3-1,Unknown,20019190
6904,SOX6,TP53,Activation,21084391
6907,SOX9,AR,Activation,17234760
6921,SOX9,KLF4,Unknown,18977346
6977,SP1,AR,Activation,15661808;18430409
6978,SP1,AR,Unknown,10773882
6983,SP1,ATM,Unknown,11466608
6999,SP1,BRCA1,Unknown,19466541
7097,SP1,DNMT1,Activation,19211935;20570896
7098,SP1,DNMT1,Repression,20570896
7099,SP1,DNMT1,Unknown,19201992
7104,SP1,E2F1,Unknown,10446910
7111,SP1,EGR1,Activation,8349585
7112,SP1,EGR1,Unknown,10826704
7121,SP1,ESR1,Unknown,12237165;21235772
7144,SP1,FOXM1,Activation,20372080
7150,SP1,GATA3,Unknown,15486968
7168,SP1,HDAC4,Activation,16280357
7174,SP1,HMGA2,Unknown,11802722
7175,SP1,HNF4A,Unknown,23307400
7176,SP1,HOXB7,Unknown,12697323
7283,SP1,MTA1,Activation,21555589
7291,SP1,MYC,Unknown,2057364;8355712
7298,SP1,NFKB1,Activation,20538607;9151857
7329,SP1,PGR,Activation,10894148
7362,SP1,PTTG1,Activation,18339849
7363,SP1,PTTG1,Unknown,14644503
7370,SP1,RELA,Activation,20538607;11964305;9151857
7371,SP1,RELA,Unknown,8450395
7384,SP1,SIRT1,Unknown,23843607
7415,SP1,SP3,Activation,16024108
7421,SP1,SREBF1,Activation,20179320
7422,SP1,SREBF1,Unknown,15462672
7479,SP1,VDR,Unknown,15664452
7487,SP1,WT1,Activation,18064385
7490,SP1,YY1,Activation,22553354
7557,SP3,HDAC4,Activation,16280357
7559,SP3,HMGA2,Unknown,11802722
7560,SP3,HOXB7,Unknown,12697323
7588,SP3,NFKB1,Activation,20538607
7599,SP3,RELA,Activation,20538607
7620,SP3,YY1,Activation,22553354
7629,SP4,NFKB1,Activation,20538607
7631,SP4,RELA,Activation,20538607
7632,SP4,YY1,Activation,22553354
7710,SPI1,STAT3,Unknown,24429361
7726,SREBF1,AR,Unknown,20071336
7748,SREBF1,PPARG,Unknown,10409739
7762,SREBF2,HNF4A,Repression,19179483
7772,SREBF2,PPARG,Unknown,10409739
7801,SRSF1,MYC,Unknown,22545246
7802,SRSF1,NFKB1,Repression,19183244
7885,STAT1,NR1H4,Repression,19393742
7889,STAT1,PML,Activation,21115099;22589541
7890,STAT1,PML,Unknown,15519999
7901,STAT1,STAT3,Unknown,22693070
7907,STAT1,TP53,Activation,14602726
7908,STAT1,TP53,Unknown,24655378
7917,STAT2,PML,Unknown,17062732
7922,STAT2,STAT1,Unknown,21498520
7927,STAT3,AR,Unknown,23906537
7955,STAT3,COPS5,Unknown,21689417
7966,STAT3,DNMT1,Activation,16861352;21944426
7967,STAT3,DNMT1,Unknown,19887607;23604529
7969,STAT3,EPAS1,Unknown,23991099
7970,STAT3,ESR2,Activation,21546410
7992,STAT3,HIF1A,Activation,17597020;18644974;19265129
7993,STAT3,HIF1A,Unknown,23991099
8016,STAT3,JUNB,Activation,17204573
8042,STAT3,MYC,Activation,15184887;17204573;19259613
8043,STAT3,MYC,Repression,20067773;22317895
8044,STAT3,MYC,Unknown,10464281;15469392;18184402;20654581
8083,STAT3,STAT1,Activation,22693070
8091,STAT3,TP53,Unknown,20043094
8101,STAT3,VDR,Repression,23424038
8107,STAT3,ZFP36,Activation,21606497
8111,STAT4,MYC,Activation,10702306
8127,STAT5A,ESR1,Unknown,11731618
8130,STAT5A,SP1,Unknown,17922009
8137,STAT5B,ESR1,Unknown,11731618
8138,STAT5B,ESR2,Unknown,11731618
8181,STAT6,STAT1,Repression,19440213
8189,TAF1,AR,Activation,20181722
8205,TAL1,NFKB1,Repression,16778171
8208,TBL1X,MYC,Unknown,20493879
8215,TBP,E2F1,Unknown,9400991
8221,TBP,MYC,Unknown,7880838;9797456
8233,TBX21,GATA3,Unknown,17075044
8242,TBX21,YY1,Unknown,21272048
8264,TCF3,MYC,Activation,22384858
8265,TCF3,MYC,Repression,21788410
8280,TCF4,JUN,Unknown,19671687
8281,TCF4,KLF4,Unknown,18977346
8284,TCF4,MYC,Activation,21533051
8285,TCF4,MYC,Unknown,15928669;19561604;19662654;19778454
8300,TCF7L2,GATA3,Unknown,22951069
8307,TCF7L2,STAT3,Unknown,18602747
8408,TFAP2C,ESR1,Activation,11278455;19458056
8428,TFCP2,WT1,Unknown,10455131
8438,TFDP1,TP53,Repression,8557038
8440,TFDP3,E2F1,Unknown,23212661
8454,TLE3,RUNX1,Repression,19403666
8457,TLX1,MYC,Activation,20618946
8458,TLX1,NR4A3,Activation,15384172
8460,TNFAIP3,JUN,Repression,19124729
8461,TNFAIP3,NFKB1,Repression,19124729
8462,TNFAIP3,NFKB1,Unknown,24039598
8463,TNFAIP3,RELA,Repression,19124729
8464,TNFAIP3,RELA,Unknown,24039598
8467,TOP2B,RUNX1,Activation,24327541
8489,TP53,BCL3,Repression,12808109
8494,TP53,BRCA1,Repression,9619832
8495,TP53,BRCA1,Unknown,21742769
8533,TP53,DNMT1,Activation,20570896
8534,TP53,DNMT1,Repression,20570896;21478913
8535,TP53,DNMT1,Unknown,18555750
8537,TP53,E2F1,Repression,8557038
8538,TP53,E2F3,Repression,20428827
8541,TP53,EGR1,Unknown,16990849
8544,TP53,ESR1,Unknown,21655924
8553,TP53,FOXM1,Repression,21518729
8554,TP53,FOXO3,Unknown,19299143
8567,TP53,HIPK2,Activation,11740489
8568,TP53,HNF4A,Repression,16895524
8582,TP53,KLF2,Repression,23202365
8598,TP53,MYC,Repression,19411072
8599,TP53,MYC,Unknown,19202062
8600,TP53,NFKB1,Unknown,15988033
8601,TP53,NKX3-1,Repression,17202838
8615,TP53,PML,Activation,14992722
8625,TP53,PTTG1,Activation,12355087
8626,TP53,PTTG1,Repression,15016801
8629,TP53,RB1,Unknown,8119988
8632,TP53,RELA,Unknown,15988033
8641,TP53,SMAD3,Unknown,21900401
8643,TP53,STAT1,Unknown,12364590
8644,TP53,STAT3,Repression,11809683
8654,TP53,TP53,Activation,22532570
8655,TP53,TP53,Unknown,11032029;16990849
8661,TP53,UHRF1,Repression,18220474;19501055
8669,TP53BP1,BRCA1,Activation,15970701
8670,TP53BP1,BRCA1,Unknown,21914189
8672,TP63,BRCA1,Unknown,24556685
8679,TP63,KLF4,Repression,20972454
8682,TP63,TCF4,Activation,22232078
8683,TP63,VDR,Activation,22521434
8684,TP63,VDR,Unknown,16462763;17716971
8696,TP73,E2F1,Unknown,19363520
8701,TP73,VDR,Unknown,17716971
8712,TRIB3,ATF4,Repression,15781252;17707795
8713,TRIB3,SMAD3,Unknown,21896644
8715,TRIM16,E2F1,Repression,20729920
8717,TRIM22,NFKB1,Unknown,21651891
8718,TRIM22,RELA,Unknown,21651891
8720,TRIM28,E2F3,Repression,23060449
8721,TRIM28,E2F4,Repression,23060449
8726,TRPS1,RUNX2,Repression,16140555
8733,TSC22D3,FOXO3,Repression,20018851
8739,TTF2,TSG101,Unknown,21556761
8742,TWIST1,ATM,Activation,19051271
8753,TWIST1,ESR1,Repression,22056872
8772,TWIST1,RUNX2,Repression,21503964;21931630
8773,TWIST1,RUNX2,Unknown,12270142
8776,TWIST1,YBX1,Activation,21876555
8777,TWIST1,YBX1,Unknown,19318582
8779,TWIST2,ATM,Activation,19051271
8802,TWIST2,RUNX2,Repression,21931630
8803,TWIST2,RUNX2,Unknown,12270142
8808,UHRF1,PPARG,Repression,22286757
8809,UHRF1,RB1,Activation,16007129
8815,URI1,AR,Repression,21730289
8844,USF1,FOXA2,Activation,22460558
8850,USF1,HOXB7,Unknown,12697323
8857,USF1,NFKB1,Unknown,19686049
8869,USF1,RELA,Unknown,19686049
8900,USF2,BRCA1,Unknown,14502648
8911,USF2,EPAS1,Unknown,23991099
8916,USF2,HIF1A,Unknown,23991099
8984,VDR,NCOR1,Activation,23098689
8998,VHL,AR,Activation,23961993
9007,VHL,HIF1A,Repression,11987242
9008,VHL,HIF1A,Unknown,11727931;19238077
9010,VHL,KLF10,Unknown,18359287
9014,VHL,TCF4,Unknown,16407833
9016,VHL,TP53,Unknown,22071692
9020,WDR5,MYC,Unknown,24782528
9021,WHSC1,AR,Unknown,19481544
9025,WT1,AR,Repression,11299720
9056,WT1,JUN,Activation,20842112
9057,WT1,JUNB,Unknown,17430890
9060,WT1,MYC,Repression,17634147
9061,WT1,MYC,Unknown,15286719
9072,WT1,SMAD3,Activation,20842112
9082,WT1,VDR,Activation,23362234
9083,WT1,VDR,Unknown,11050081;11773605
9096,WWTR1,SMAD3,Activation,22470139
9103,XBP1,ESR1,Activation,15882996
9131,YBX1,AR,Unknown,21652770
9139,YBX1,E2F1,Unknown,22205655
9159,YEATS4,TP53,Repression,18214854
9166,YY1,BRCA1,Unknown,21666725
9176,YY1,CREBBP,Repression,21852380
9177,YY1,CREBBP,Unknown,9238849
9186,YY1,EPAS1,Repression,19483472
9202,YY1,HDAC1,Unknown,11532945
9203,YY1,HDAC2,Unknown,11532945
9204,YY1,HDAC3,Unknown,19279113
9205,YY1,HIF1A,Unknown,20660740
9208,YY1,HOXB7,Unknown,12697323
9227,YY1,MYC,Activation,18490439
9228,YY1,MYC,Repression,19279113
9229,YY1,MYC,Unknown,10528225;17434929;9797456
9234,YY1,PARP1,Unknown,9367892
9251,YY1,TFAP2A,Activation,18218085
9256,YY1,TP53,Activation,10634504;8816507
9257,YY1,TP53,Repression,10787423
9258,YY1,TP53,Unknown,10505791
9283,ZBTB2,TP53,Repression,19380588
9287,ZBTB7A,MYC,Repression,17189472
9291,ZEB1,AR,Unknown,19921427;22391641
9318,ZFP36,HIF1A,Activation,19962963
9319,ZFP36,HIF1A,Repression,19962963
9329,ZHX2,HNF1A,Unknown,18194454
9335,ZIC2,TCF4,Repression,21908606
9359,ZNF224,VDR,Activation,23362234
9371,ZNF300,MYC,Activation,21777376
9374,ZNF350,HMGA2,Repression,20007691
9378,ZNF382,HMGA2,Repression,20682794
9381,ZNF382,JUN,Repression,20682794
9383,ZNF382,MYC,Repression,20682794
9384,ZNF382,NFKB1,Repression,20682794
9385,ZNF382,STAT3,Repression,20682794
9387,ZNF383,JUN,Repression,15964543
9389,ZNF423,BRCA1,Unknown,23764426
